{"cameraMode":{"drawMode":0,"name":"Shaded","section":"Shading Mode"},"sceneLighting":false,"audioPlay":false,"sceneViewState":{"m_AlwaysRefresh":false,"showFog":true,"showSkybox":false,"showFlares":true,"showImageEffects":true,"showParticleSystems":true,"showVisualEffectGraphs":true,"m_FxEnabled":true},"in2DMode":false,"pivot":{"x":73.14513397216797,"y":13.726001739501954,"z":1.1774085760116578},"rotation":{"x":-0.12171997129917145,"y":0.8774887323379517,"z":-0.3665231764316559,"w":-0.28604310750961306},"size":1.3424170017242432,"orthographic":false}