{"cameraMode":{"drawMode":0,"name":"Shaded","section":"Shading Mode"},"sceneLighting":false,"audioPlay":false,"sceneViewState":{"m_AlwaysRefresh":false,"showFog":true,"showSkybox":false,"showFlares":true,"showImageEffects":true,"showParticleSystems":true,"showVisualEffectGraphs":true,"m_FxEnabled":true},"in2DMode":false,"pivot":{"x":3.593219041824341,"y":1.9213454723358155,"z":-0.32207319140434267},"rotation":{"x":0.022557629272341729,"y":0.973226010799408,"z":-0.1492086797952652,"w":0.17565010488033296},"size":3.4008803367614748,"orthographic":false}