{"cameraMode":{"drawMode":0,"name":"Shaded","section":"Shading Mode"},"sceneLighting":false,"audioPlay":false,"sceneViewState":{"m_AlwaysRefresh":false,"showFog":true,"showSkybox":false,"showFlares":true,"showImageEffects":true,"showParticleSystems":true,"showVisualEffectGraphs":true,"m_FxEnabled":true},"in2DMode":false,"pivot":{"x":0.569679319858551,"y":0.011350267566740513,"z":0.2386401742696762},"rotation":{"x":-0.06022080034017563,"y":0.6532275676727295,"z":-0.05224480479955673,"w":-0.7529537081718445},"size":0.5012049674987793,"orthographic":false}