{"cameraMode":{"drawMode":0,"name":"Shaded","section":"Shading Mode"},"sceneLighting":false,"audioPlay":false,"sceneViewState":{"m_AlwaysRefresh":false,"showFog":true,"showSkybox":false,"showFlares":true,"showImageEffects":true,"showParticleSystems":true,"showVisualEffectGraphs":true,"m_FxEnabled":true},"in2DMode":false,"pivot":{"x":0.4220173954963684,"y":0.1871958076953888,"z":-0.10451021790504456},"rotation":{"x":0.09000975638628006,"y":0.654481053352356,"z":-0.07720901072025299,"w":0.7472983598709106},"size":0.5012049674987793,"orthographic":false}