{"cameraMode":{"drawMode":0,"name":"Shaded","section":"Shading Mode"},"sceneLighting":false,"audioPlay":false,"sceneViewState":{"m_AlwaysRefresh":false,"showFog":true,"showSkybox":false,"showFlares":true,"showImageEffects":true,"showParticleSystems":true,"showVisualEffectGraphs":true,"m_FxEnabled":true},"in2DMode":false,"pivot":{"x":-2.0378754138946535,"y":0.05409775674343109,"z":-10.325815200805664},"rotation":{"x":0.07213281840085983,"y":0.6382400393486023,"z":-0.061383768916130069,"w":0.7645964622497559},"size":0.6395449638366699,"orthographic":false}