{"cameraMode":{"drawMode":0,"name":"Shaded","section":"Shading Mode"},"sceneLighting":false,"audioPlay":false,"sceneViewState":{"m_AlwaysRefresh":false,"showFog":true,"showSkybox":false,"showFlares":true,"showImageEffects":true,"showParticleSystems":true,"showVisualEffectGraphs":true,"m_FxEnabled":true},"in2DMode":false,"pivot":{"x":-15.069461822509766,"y":6.151331424713135,"z":30.531715393066408},"rotation":{"x":0.02349882759153843,"y":-0.9752095341682434,"z":0.18078914284706117,"w":0.12646161019802094},"size":1.3542492389678956,"orthographic":false}