{"cameraMode":{"drawMode":0,"name":"Shaded","section":"Shading Mode"},"sceneLighting":false,"audioPlay":false,"sceneViewState":{"m_AlwaysRefresh":false,"showFog":true,"showSkybox":false,"showFlares":true,"showImageEffects":true,"showParticleSystems":true,"showVisualEffectGraphs":true,"m_FxEnabled":true},"in2DMode":false,"pivot":{"x":-2.5989999771118166,"y":-0.24333882331848145,"z":-10.142999649047852},"rotation":{"x":0.20464257895946504,"y":0.519865095615387,"z":-0.12987449765205384,"w":0.8191591501235962},"size":2.7402288913726808,"orthographic":false}