{"cameraMode":{"drawMode":0,"name":"Shaded","section":"Shading Mode"},"sceneLighting":false,"audioPlay":false,"sceneViewState":{"m_AlwaysRefresh":false,"showFog":true,"showSkybox":false,"showFlares":true,"showImageEffects":true,"showParticleSystems":true,"showVisualEffectGraphs":true,"m_FxEnabled":true},"in2DMode":false,"pivot":{"x":159.1894073486328,"y":0.9179276823997498,"z":150.50616455078126},"rotation":{"x":0.0009326078579761088,"y":-0.9971999526023865,"z":0.07975582778453827,"w":0.013250531628727913},"size":1.0370681285858155,"orthographic":false}