{"cameraMode":{"drawMode":0,"name":"Shaded","section":"Shading Mode"},"sceneLighting":false,"audioPlay":false,"sceneViewState":{"m_AlwaysRefresh":false,"showFog":true,"showSkybox":false,"showFlares":true,"showImageEffects":true,"showParticleSystems":true,"showVisualEffectGraphs":true,"m_FxEnabled":true},"in2DMode":false,"pivot":{"x":167.39418029785157,"y":1.0659579038619996,"z":155.50982666015626},"rotation":{"x":0.13932330906391145,"y":0.6716776490211487,"z":-0.13311174511909486,"w":0.7159638404846191},"size":2.2422571182250978,"orthographic":false}