{"cameraMode":{"drawMode":0,"name":"Shaded","section":"Shading Mode"},"sceneLighting":false,"audioPlay":false,"sceneViewState":{"m_AlwaysRefresh":false,"showFog":true,"showSkybox":false,"showFlares":true,"showImageEffects":true,"showParticleSystems":true,"showVisualEffectGraphs":true,"m_FxEnabled":true},"in2DMode":false,"pivot":{"x":0.05914156511425972,"y":0.8444708585739136,"z":-1.3769142627716065},"rotation":{"x":0.2756167948246002,"y":-0.04373445734381676,"z":0.009994658641517163,"w":0.9605844616889954},"size":0.5960617065429688,"orthographic":false}