{"cameraMode":{"drawMode":0,"name":"Shaded","section":"Shading Mode"},"sceneLighting":false,"audioPlay":false,"sceneViewState":{"m_AlwaysRefresh":false,"showFog":true,"showSkybox":false,"showFlares":true,"showImageEffects":true,"showParticleSystems":true,"showVisualEffectGraphs":true,"m_FxEnabled":true},"in2DMode":false,"pivot":{"x":0.30000001192092898,"y":-0.05399996414780617,"z":0.035999998450279239},"rotation":{"x":0.14660724997520448,"y":-0.7744299173355103,"z":0.189454585313797,"w":0.5861496329307556},"size":0.5960617065429688,"orthographic":false}