{"cameraMode":{"drawMode":0,"name":"Shaded","section":"Shading Mode"},"sceneLighting":false,"audioPlay":false,"sceneViewState":{"m_AlwaysRefresh":false,"showFog":true,"showSkybox":false,"showFlares":true,"showImageEffects":true,"showParticleSystems":true,"showVisualEffectGraphs":true,"m_FxEnabled":true},"in2DMode":false,"pivot":{"x":160.5072479248047,"y":0.7769502997398377,"z":150.35084533691407},"rotation":{"x":0.017071744427084924,"y":-0.9793868660926819,"z":0.09315984696149826,"w":0.1810436099767685},"size":1.0370681285858155,"orthographic":false}