{"cameraMode":{"drawMode":0,"name":"Shaded","section":"Shading Mode"},"sceneLighting":false,"audioPlay":false,"sceneViewState":{"m_AlwaysRefresh":false,"showFog":true,"showSkybox":false,"showFlares":true,"showImageEffects":true,"showParticleSystems":true,"showVisualEffectGraphs":true,"m_FxEnabled":true},"in2DMode":false,"pivot":{"x":54.21199035644531,"y":418.4656066894531,"z":46.78607177734375},"rotation":{"x":-0.1298910528421402,"y":0.013946369290351868,"z":-0.0008215409470722079,"w":0.9917823672294617},"size":295.23406982421877,"orthographic":false}