{"cameraMode":{"drawMode":0,"name":"Shaded","section":"Shading Mode"},"sceneLighting":true,"audioPlay":false,"sceneViewState":{"m_AlwaysRefresh":false,"showFog":true,"showSkybox":false,"showFlares":true,"showImageEffects":true,"showParticleSystems":true,"showVisualEffectGraphs":true,"m_FxEnabled":true},"in2DMode":false,"pivot":{"x":-15.509374618530274,"y":1.3694850206375123,"z":-13.211536407470704},"rotation":{"x":0.19052202999591828,"y":0.1437247395515442,"z":-0.028209103271365167,"w":0.9706974029541016},"size":1.0360722541809083,"orthographic":false}