{"cameraMode":{"drawMode":0,"name":"Shaded","section":"Shading Mode"},"sceneLighting":false,"audioPlay":false,"sceneViewState":{"m_AlwaysRefresh":false,"showFog":true,"showSkybox":false,"showFlares":true,"showImageEffects":true,"showParticleSystems":true,"showVisualEffectGraphs":true,"m_FxEnabled":true},"in2DMode":false,"pivot":{"x":0.301750510931015,"y":-0.263915091753006,"z":-0.007354319095611572},"rotation":{"x":0.02427338995039463,"y":0.015153764747083187,"z":-0.002981063211336732,"w":0.9999352693557739},"size":0.3381999731063843,"orthographic":false}