{"cameraMode":{"drawMode":0,"name":"Shaded","section":"Shading Mode"},"sceneLighting":false,"audioPlay":false,"sceneViewState":{"m_AlwaysRefresh":false,"showFog":true,"showSkybox":false,"showFlares":true,"showImageEffects":true,"showParticleSystems":true,"showVisualEffectGraphs":true,"m_FxEnabled":true},"in2DMode":false,"pivot":{"x":-1.1172107458114625,"y":0.5226978659629822,"z":0.8092600107192993},"rotation":{"x":0.07642462849617005,"y":0.8651752471923828,"z":-0.13902051746845246,"w":0.4757998287677765},"size":0.3381999731063843,"orthographic":false}