{"cameraMode":{"drawMode":0,"name":"Shaded","section":"Shading Mode"},"sceneLighting":false,"audioPlay":false,"sceneViewState":{"m_AlwaysRefresh":false,"showFog":true,"showSkybox":false,"showFlares":true,"showImageEffects":true,"showParticleSystems":true,"showVisualEffectGraphs":true,"m_FxEnabled":true},"in2DMode":false,"pivot":{"x":0.15283602476119996,"y":2.884336471557617,"z":-0.12345757335424423},"rotation":{"x":0.2673760652542114,"y":-0.7213929295539856,"z":0.3457232415676117,"w":0.5390384793281555},"size":0.3210143744945526,"orthographic":false}