{"cameraMode":{"drawMode":0,"name":"Shaded","section":"Shading Mode"},"sceneLighting":false,"audioPlay":false,"sceneViewState":{"m_AlwaysRefresh":false,"showFog":true,"showSkybox":false,"showFlares":true,"showImageEffects":true,"showParticleSystems":true,"showVisualEffectGraphs":true,"m_FxEnabled":true},"in2DMode":false,"pivot":{"x":-0.5811929106712341,"y":0.764130175113678,"z":0.5560281872749329},"rotation":{"x":-0.08056345582008362,"y":0.22583609819412232,"z":-0.018744032829999925,"w":-0.9706523418426514},"size":0.2794906497001648,"orthographic":false}