{"cameraMode":{"drawMode":0,"name":"Shaded","section":"Shading Mode"},"sceneLighting":false,"audioPlay":false,"sceneViewState":{"m_AlwaysRefresh":false,"showFog":true,"showSkybox":false,"showFlares":true,"showImageEffects":true,"showParticleSystems":true,"showVisualEffectGraphs":true,"m_FxEnabled":true},"in2DMode":false,"pivot":{"x":1.9828996658325196,"y":3.1669557094573976,"z":0.026408275589346887},"rotation":{"x":-0.13225537538528443,"y":-0.6275923848152161,"z":0.1076737716794014,"w":-0.760158121585846},"size":3.6069374084472658,"orthographic":false}