{"cameraMode":{"drawMode":0,"name":"Shaded","section":"Shading Mode"},"sceneLighting":false,"audioPlay":false,"sceneViewState":{"m_AlwaysRefresh":false,"showFog":true,"showSkybox":false,"showFlares":true,"showImageEffects":true,"showParticleSystems":true,"showVisualEffectGraphs":true,"m_FxEnabled":true},"in2DMode":false,"pivot":{"x":-0.10474222153425217,"y":-0.054137103259563449,"z":-0.2555481791496277},"rotation":{"x":-0.052260689437389377,"y":0.6134238243103027,"z":-0.04073522612452507,"w":-0.7869746685028076},"size":0.19497966766357423,"orthographic":false}