{"cameraMode":{"drawMode":0,"name":"Shaded","section":"Shading Mode"},"sceneLighting":false,"audioPlay":false,"sceneViewState":{"m_AlwaysRefresh":false,"showFog":true,"showSkybox":false,"showFlares":true,"showImageEffects":true,"showParticleSystems":true,"showVisualEffectGraphs":true,"m_FxEnabled":true},"in2DMode":false,"pivot":{"x":-0.14999090135097505,"y":-1.1307377815246583,"z":-0.2440859079360962},"rotation":{"x":-0.019111350178718568,"y":0.2629169821739197,"z":-0.005208813119679689,"w":-0.9646164774894714},"size":0.15403032302856446,"orthographic":false}