{"cameraMode":{"drawMode":0,"name":"Shaded","section":"Shading Mode"},"sceneLighting":false,"audioPlay":false,"sceneViewState":{"m_AlwaysRefresh":false,"showFog":true,"showSkybox":false,"showFlares":true,"showImageEffects":true,"showParticleSystems":true,"showVisualEffectGraphs":true,"m_FxEnabled":true},"in2DMode":false,"pivot":{"x":-0.1340000033378601,"y":-1.0822348594665528,"z":-0.04329082369804382},"rotation":{"x":-0.08684777468442917,"y":0.8712853789329529,"z":-0.1669417768716812,"w":-0.45326778292655947},"size":0.15403032302856446,"orthographic":false}