{"cameraMode":{"drawMode":0,"name":"Shaded","section":"Shading Mode"},"sceneLighting":true,"audioPlay":false,"sceneViewState":{"m_AlwaysRefresh":false,"showFog":true,"showSkybox":true,"showFlares":true,"showImageEffects":true,"showParticleSystems":true,"showVisualEffectGraphs":true,"m_FxEnabled":true},"in2DMode":false,"pivot":{"x":156.06903076171876,"y":102.99427795410156,"z":21.731739044189454},"rotation":{"x":-0.47524669766426089,"y":0.44920966029167178,"z":-0.3058261275291443,"w":-0.6925982236862183},"size":2.2315900325775148,"orthographic":false}