{"cameraMode":{"drawMode":0,"name":"Shaded","section":"Shading Mode"},"sceneLighting":true,"audioPlay":false,"sceneViewState":{"m_AlwaysRefresh":false,"showFog":true,"showSkybox":true,"showFlares":true,"showImageEffects":true,"showParticleSystems":true,"showVisualEffectGraphs":true,"m_FxEnabled":true},"in2DMode":false,"pivot":{"x":163.23724365234376,"y":2.292452573776245,"z":161.2082061767578},"rotation":{"x":0.048376645892858508,"y":-0.046354297548532489,"z":-0.0003673455794341862,"w":0.9981029629707336},"size":0.08317573368549347,"orthographic":false}