{"cameraMode":{"drawMode":0,"name":"Shaded","section":"Shading Mode"},"sceneLighting":true,"audioPlay":false,"sceneViewState":{"m_AlwaysRefresh":false,"showFog":true,"showSkybox":true,"showFlares":true,"showImageEffects":true,"showParticleSystems":true,"showVisualEffectGraphs":true,"m_FxEnabled":true},"in2DMode":false,"pivot":{"x":16.76749038696289,"y":21.802412033081056,"z":48.974369049072269},"rotation":{"x":0.2360246330499649,"y":-0.4692569971084595,"z":0.13132692873477937,"w":0.8415465950965881},"size":0.8660253882408142,"orthographic":false}