{"cameraMode":{"drawMode":0,"name":"Shaded","section":"Shading Mode"},"sceneLighting":true,"audioPlay":false,"sceneViewState":{"m_AlwaysRefresh":false,"showFog":true,"showSkybox":true,"showFlares":true,"showImageEffects":true,"showParticleSystems":true,"showVisualEffectGraphs":true,"m_FxEnabled":true},"in2DMode":false,"pivot":{"x":161.76028442382813,"y":1.666804552078247,"z":164.86846923828126},"rotation":{"x":0.4054146409034729,"y":0.37810394167900088,"z":-0.18913479149341584,"w":0.8105058670043945},"size":2.2422571182250978,"orthographic":false}