{"cameraMode":{"drawMode":0,"name":"Shaded","section":"Shading Mode"},"sceneLighting":true,"audioPlay":false,"sceneViewState":{"m_AlwaysRefresh":false,"showFog":true,"showSkybox":true,"showFlares":true,"showImageEffects":true,"showParticleSystems":true,"showVisualEffectGraphs":true,"m_FxEnabled":true},"in2DMode":false,"pivot":{"x":154.6018524169922,"y":2.315917491912842,"z":147.12733459472657},"rotation":{"x":0.25187909603118899,"y":0.6066694259643555,"z":-0.22044745087623597,"w":0.7228082418441773},"size":0.8660253882408142,"orthographic":false}