{"cameraMode":{"drawMode":0,"name":"Shaded","section":"Shading Mode"},"sceneLighting":false,"audioPlay":false,"sceneViewState":{"m_AlwaysRefresh":false,"showFog":true,"showSkybox":false,"showFlares":true,"showImageEffects":true,"showParticleSystems":true,"showVisualEffectGraphs":true,"m_FxEnabled":true},"in2DMode":false,"pivot":{"x":0.03192857652902603,"y":-0.26354026794433596,"z":2.769472360610962},"rotation":{"x":-0.22238925099372865,"y":-0.34571972489356997,"z":0.08486305177211762,"w":-0.9077761173248291},"size":4.712386131286621,"orthographic":false}