{"cameraMode":{"drawMode":0,"name":"Shaded","section":"Shading Mode"},"sceneLighting":false,"audioPlay":false,"sceneViewState":{"m_AlwaysRefresh":false,"showFog":true,"showSkybox":false,"showFlares":true,"showImageEffects":true,"showParticleSystems":true,"showVisualEffectGraphs":true,"m_FxEnabled":true},"in2DMode":false,"pivot":{"x":-0.12469354271888733,"y":0.13990306854248048,"z":-0.48203542828559878},"rotation":{"x":-0.17405164241790772,"y":0.6624801754951477,"z":-0.1623348444700241,"w":-0.7102711796760559},"size":0.437727689743042,"orthographic":false}