{"cameraMode":{"drawMode":0,"name":"Shaded","section":"Shading Mode"},"sceneLighting":false,"audioPlay":false,"sceneViewState":{"m_AlwaysRefresh":false,"showFog":true,"showSkybox":false,"showFlares":true,"showImageEffects":true,"showParticleSystems":true,"showVisualEffectGraphs":true,"m_FxEnabled":true},"in2DMode":false,"pivot":{"x":0.16032949090003968,"y":0.006356010679155588,"z":-0.14941516518592835},"rotation":{"x":-0.03237220644950867,"y":0.6987139582633972,"z":-0.0316796712577343,"w":-0.7139726877212524},"size":0.12619943916797639,"orthographic":false}