{"cameraMode":{"drawMode":0,"name":"Shaded","section":"Shading Mode"},"sceneLighting":false,"audioPlay":false,"sceneViewState":{"m_AlwaysRefresh":false,"showFog":true,"showSkybox":false,"showFlares":true,"showImageEffects":true,"showParticleSystems":true,"showVisualEffectGraphs":true,"m_FxEnabled":true},"in2DMode":false,"pivot":{"x":-18.491321563720704,"y":6.826615333557129,"z":15.799179077148438},"rotation":{"x":-0.03593502193689346,"y":0.9496309161186218,"z":-0.28784486651420596,"w":-0.11855349689722061},"size":12.085562705993653,"orthographic":false}