{"cameraMode":{"drawMode":0,"name":"Shaded","section":"Shading Mode"},"sceneLighting":false,"audioPlay":false,"sceneViewState":{"m_AlwaysRefresh":false,"showFog":true,"showSkybox":false,"showFlares":true,"showImageEffects":true,"showParticleSystems":true,"showVisualEffectGraphs":true,"m_FxEnabled":true},"in2DMode":false,"pivot":{"x":14.729340553283692,"y":1.9734933376312256,"z":-3.0841031074523927},"rotation":{"x":0.009621179662644863,"y":-0.9543952345848084,"z":0.298631489276886,"w":0.022652307525277139},"size":2.0747275352478029,"orthographic":false}