{"cameraMode":{"drawMode":0,"name":"Shaded","section":"Shading Mode"},"sceneLighting":false,"audioPlay":false,"sceneViewState":{"m_AlwaysRefresh":false,"showFog":false,"showSkybox":false,"showFlares":false,"showImageEffects":false,"showParticleSystems":false,"showVisualEffectGraphs":true,"m_FxEnabled":true},"in2DMode":false,"pivot":{"x":0.0010988491121679545,"y":0.010168537497520447,"z":0.0019179554656147957},"rotation":{"x":-0.1030975952744484,"y":0.8870102167129517,"z":-0.22222867608070374,"w":-0.3924160599708557},"size":0.016449345275759698,"orthographic":false}