{"cameraMode":{"drawMode":0,"name":"Shaded","section":"Shading Mode"},"sceneLighting":true,"audioPlay":false,"sceneViewState":{"m_AlwaysRefresh":false,"showFog":true,"showSkybox":false,"showFlares":true,"showImageEffects":true,"showParticleSystems":true,"showVisualEffectGraphs":true,"m_FxEnabled":true},"in2DMode":false,"pivot":{"x":10.72711181640625,"y":2.1868889331817629,"z":-1.5317020416259766},"rotation":{"x":0.0007889521075412631,"y":-0.9984027743339539,"z":0.049813736230134967,"w":0.038372840732336047},"size":2.1012978553771974,"orthographic":false}