{"cameraMode":{"drawMode":0,"name":"Shaded","section":"Shading Mode"},"sceneLighting":false,"audioPlay":false,"sceneViewState":{"m_AlwaysRefresh":false,"showFog":true,"showSkybox":false,"showFlares":true,"showImageEffects":true,"showParticleSystems":true,"showVisualEffectGraphs":true,"m_FxEnabled":true},"in2DMode":false,"pivot":{"x":22.830638885498048,"y":6.441470146179199,"z":54.271575927734378},"rotation":{"x":-0.03593502193689346,"y":0.9496309161186218,"z":-0.28784486651420596,"w":-0.11855349689722061},"size":24.367063522338868,"orthographic":false}