{"cameraMode":{"drawMode":0,"name":"Shaded","section":"Shading Mode"},"sceneLighting":false,"audioPlay":false,"sceneViewState":{"m_AlwaysRefresh":false,"showFog":true,"showSkybox":false,"showFlares":true,"showImageEffects":true,"showParticleSystems":true,"showVisualEffectGraphs":true,"m_FxEnabled":true},"in2DMode":false,"pivot":{"x":0.38641357421875,"y":0.9973452687263489,"z":-6.131638050079346},"rotation":{"x":-0.02192288637161255,"y":0.1538495272397995,"z":0.0034222311805933716,"w":0.9878684282302856},"size":0.16289399564266206,"orthographic":false}