{"cameraMode":{"drawMode":0,"name":"Shaded","section":"Shading Mode"},"sceneLighting":false,"audioPlay":false,"sceneViewState":{"m_AlwaysRefresh":false,"showFog":true,"showSkybox":false,"showFlares":true,"showImageEffects":true,"showParticleSystems":true,"showVisualEffectGraphs":true,"m_FxEnabled":true},"in2DMode":false,"pivot":{"x":-0.07857580482959748,"y":0.8291809558868408,"z":-6.169205665588379},"rotation":{"x":0.020545655861496927,"y":0.5344180464744568,"z":-0.012991102412343026,"w":0.8448873162269592},"size":0.13715150952339173,"orthographic":false}