{"cameraMode":{"drawMode":0,"name":"Shaded","section":"Shading Mode"},"sceneLighting":false,"audioPlay":false,"sceneViewState":{"m_AlwaysRefresh":false,"showFog":true,"showSkybox":false,"showFlares":true,"showImageEffects":true,"showParticleSystems":true,"showVisualEffectGraphs":true,"m_FxEnabled":true},"in2DMode":false,"pivot":{"x":-0.026001041755080224,"y":0.19974403083324433,"z":0.1727561056613922},"rotation":{"x":0.02573162503540516,"y":0.07490371912717819,"z":-0.001971901161596179,"w":0.9968987703323364},"size":0.15390411019325257,"orthographic":false}