{"cameraMode":{"drawMode":0,"name":"Shaded","section":"Shading Mode"},"sceneLighting":false,"audioPlay":false,"sceneViewState":{"m_AlwaysRefresh":false,"showFog":true,"showSkybox":false,"showFlares":true,"showImageEffects":true,"showParticleSystems":true,"showVisualEffectGraphs":true,"m_FxEnabled":true},"in2DMode":false,"pivot":{"x":2.9709815979003908,"y":-7.295657157897949,"z":4.337776184082031},"rotation":{"x":-0.35073187947273257,"y":0.09189651906490326,"z":-0.03396650776267052,"w":-0.9316357970237732},"size":0.16169019043445588,"orthographic":false}