{"cameraMode":{"drawMode":0,"name":"Shaded","section":"Shading Mode"},"sceneLighting":false,"audioPlay":false,"sceneViewState":{"m_AlwaysRefresh":false,"showFog":true,"showSkybox":false,"showFlares":true,"showImageEffects":true,"showParticleSystems":true,"showVisualEffectGraphs":true,"m_FxEnabled":true},"in2DMode":false,"pivot":{"x":0.791397213935852,"y":0.5133599042892456,"z":-1.7012799978256226},"rotation":{"x":0.02700343169271946,"y":-0.9611026644706726,"z":0.10158978402614594,"w":0.25546082854270937},"size":1.9140987396240235,"orthographic":false}