{"cameraMode":{"drawMode":0,"name":"Shaded","section":"Shading Mode"},"sceneLighting":false,"audioPlay":false,"sceneViewState":{"m_AlwaysRefresh":false,"showFog":true,"showSkybox":false,"showFlares":true,"showImageEffects":true,"showParticleSystems":true,"showVisualEffectGraphs":true,"m_FxEnabled":true},"in2DMode":false,"pivot":{"x":0.34531423449516299,"y":0.9038869142532349,"z":-5.963528156280518},"rotation":{"x":-0.0010656954254955054,"y":-0.9774829149246216,"z":0.21176020801067353,"w":-0.01496516726911068},"size":0.14974652230739594,"orthographic":false}