{"cameraMode":{"drawMode":0,"name":"Shaded","section":"Shading Mode"},"sceneLighting":false,"audioPlay":false,"sceneViewState":{"m_AlwaysRefresh":false,"showFog":true,"showSkybox":false,"showFlares":true,"showImageEffects":true,"showParticleSystems":true,"showVisualEffectGraphs":true,"m_FxEnabled":true},"in2DMode":false,"pivot":{"x":167.42410278320313,"y":0.8067300915718079,"z":153.5704803466797},"rotation":{"x":-0.09426981955766678,"y":0.8880812525749207,"z":-0.2106853574514389,"w":-0.39864683151245119},"size":0.6270329356193543,"orthographic":false}